age,default,balance,housing,loan,day_of_week,duration,campaign,pdays,previous,marital_total,job_total,education_total,contact_total,month_total,poutcome_total,y,Dataset
-0.37068857286902446,-0.13548988776125423,-0.3456041463494177,-1.1186740819418701,2.2893591029267353,-1.178318455354111,-0.3073996341770018,-0.5693506376457914,-0.4114531064930479,-0.25194037067217256,0.0005522471603816026,-0.010264674846943829,-0.031426282487963565,0.23767798516584576,0.08238451708810435,-0.24686921209405974,no,Train
-1.029906416630939,-0.13548988776125423,0.27054200503451126,0.8939154094498484,-0.436803469897576,-1.5387920840132177,0.418743559718234,-0.5693506376457914,-0.4114531064930479,-0.25194037067217256,0.0005522471603816026,-0.07239416126103224,0.03317984936807942,-0.8090603927251423,-0.014254270429141907,-0.24686921209405974,no,Train
0.3827032485731636,-0.13548988776125423,0.07052441111510148,-1.1186740819418701,-0.436803469897576,0.5038918117217194,-0.9403479796578758,0.3990202324502852,-0.4114531064930479,-0.25194037067217256,-0.05855259873897765,-0.010264674846943829,-0.698325168435782,-0.8090603927251423,-0.014254270429141907,-0.24686921209405974,no,Train
-0.23167077588004265,-0.13548988776125423,0.19826166884848376,0.8939154094498484,-0.436803469897576,-0.021083374008208214,-0.47090663851137116,-0.3656845369998066,-0.4114531064930479,-0.25194037067217256,-0.05855259873897765,-0.01570026088980255,-0.031426282487963565,0.23767798516584576,0.07632055687148004,-0.24686921209405974,yes,Train
0.3827032485731636,-0.13548988776125423,-0.4185169638372814,-1.1186740819418701,2.2893591029267353,-1.0581605791344089,0.2867175244645548,-0.5693506376457914,-0.4114531064930479,-0.25194037067217256,0.30466433280223865,0.01881674343539798,-0.031426282487963565,0.23767798516584576,-0.04064190994246272,-0.24686921209405974,no,Train
0.06437085414439342,-0.13548988776125423,0.36553267032716313,0.8939154094498484,-0.436803469897576,0.7408188653177971,8.705807991274828,0.19897371413024345,-0.4114531064930479,-0.25194037067217256,-0.05855259873897765,-0.008574084338135168,0.23129722195681723,0.4332886393579324,0.009653462870813721,-0.24686921209405974,yes,Train
-0.06569490245790163,-0.13548988776125423,0.28724287428840345,-1.1186740819418701,-0.436803469897576,-1.0810320483238365,-0.2506631763879985,-0.2465603476137659,0.5853711091657918,0.26483357454013184,-0.05855259873897765,-0.07239416126103224,0.03317984936807942,0.23767798516584576,-0.042447212033357086,0.8253266036047782,yes,Train
0.024270999377066046,-0.13548988776125423,-0.4071524306298829,0.8939154094498484,-0.436803469897576,-0.5057987074023992,1.3843228834898356,-0.5693506376457914,-0.4114531064930479,-0.25194037067217256,0.15827616493780108,0.13522836873633243,-0.031426282487963565,0.23767798516584576,-0.09135246136412273,-0.24686921209405974,yes,Train
0.6652251816139841,-0.13548988776125423,0.7001364432062485,-1.1186740819418701,-0.436803469897576,1.4651548214793366,-0.439425669430681,0.07622994241825963,0.5672976294266795,0.18219752994373598,-0.05855259873897765,-0.07239416126103224,0.03317984936807942,0.23767798516584576,0.20813297640724818,1.4401274721486865,no,Train
-0.7473844835901186,-0.13548988776125423,0.013048091023317065,-1.1186740819418701,-0.436803469897576,0.5038918117217194,-0.7578414015130839,0.7218105224823107,-0.4114531064930479,-0.25194037067217256,-0.05855259873897765,-0.07471383078795771,-0.031426282487963565,0.23767798516584576,0.022006454509058342,-0.24686921209405974,no,Train
0.14628321492490162,-0.13548988776125423,-0.32274002037191357,0.8939154094498484,-0.436803469897576,1.035804030277669,1.7834079297058314,1.861706001688106,-0.4114531064930479,-0.25194037067217256,-0.05855259873897765,0.1355409033316669,-0.37185169771377524,0.7440760990284121,-0.04064190994246272,-0.24686921209405974,yes,Train
-0.5590365282295715,-0.13548988776125423,-0.4474193419405787,0.8939154094498484,-0.436803469897576,0.6240496879414215,-0.2646853286537526,0.7218105224823107,-0.4114531064930479,-0.25194037067217256,-0.05855259873897765,0.01881674343539798,-0.031426282487963565,-0.8090603927251423,-0.09135246136412273,-0.24686921209405974,no,Train
-1.218254371991486,-0.13548988776125423,-0.3361623830730482,-1.1186740819418701,-0.436803469897576,-1.5421613074150131,0.35737583853074445,-0.5693506376457914,1.417894337676701,0.2065439584988975,-0.0011050510228812413,0.01800130130112529,-0.031426282487963565,0.23767798516584576,0.9416894765188646,1.6030297524269874,yes,Train
0.1001813155323431,-0.13548988776125423,-0.4365809501518422,-1.1186740819418701,-0.436803469897576,0.7442075641611237,-0.38894512653956836,0.7218105224823107,-0.4114531064930479,-0.25194037067217256,-0.05855259873897765,-0.052763877572105364,-0.031426282487963565,1.2297200680315075,-0.04064190994246272,-0.24686921209405974,no,Train
0.7593991592942577,-0.13548988776125423,-0.09369364628999685,0.8939154094498484,-0.436803469897576,0.6240496879414215,-0.695711502570176,0.3990202324502852,-0.4114531064930479,-0.25194037067217256,-0.05855259873897765,-0.052763877572105364,0.03317984936807942,0.23767798516584576,0.022006454509058342,-0.24686921209405974,no,Train
-0.5590365282295715,-0.13548988776125423,-0.3038927597685227,0.8939154094498484,-0.436803469897576,1.2248390690399324,-0.0705293944571655,-0.5693506376457914,-0.4114531064930479,-0.25194037067217256,-0.05855259873897765,0.01881674343539798,-0.031426282487963565,-0.8090603927251423,-0.09135246136412273,-0.24686921209405974,no,Train
1.6069649584167194,-0.13548988776125423,0.10074053367763958,-1.1186740819418701,-0.436803469897576,-0.33721332181619584,-0.5792179420522238,-0.2465603476137659,-0.4114531064930479,-0.25194037067217256,-0.05855259873897765,0.12091489631251084,0.03317984936807942,0.23767798516584576,-0.030949871989523398,-0.24686921209405974,no,Train
0.28852927089289016,-0.13548988776125423,3.170632898808548,-1.1186740819418701,-0.436803469897576,-0.8178448266950046,-0.023931970249984596,0.07622994241825963,-0.4114531064930479,-0.25194037067217256,-0.05855259873897765,-0.052763877572105364,-0.031426282487963565,-0.8090603927251423,-0.014254270429141907,-0.24686921209405974,no,Train
0.47687722625343715,-0.13548988776125423,-0.2611960648431972,0.8939154094498484,-0.436803469897576,0.14341818306261284,1.1487698722974016,-0.2465603476137659,-0.4114531064930479,-0.25194037067217256,0.30466433280223865,0.21382165247302434,0.03317984936807942,0.23767798516584576,0.022006454509058342,-0.24686921209405974,no,Train
-1.1240803943112125,-0.13548988776125423,-0.396183308030188,0.8939154094498484,-0.436803469897576,1.3449969452596344,1.2264322459760364,0.7218105224823107,-0.4114531064930479,-0.25194037067217256,0.0005522471603816026,-0.052763877572105364,-0.031426282487963565,-0.8090603927251423,-0.09135246136412273,-0.24686921209405974,no,Train
-1.4369536959137736,-0.13548988776125423,-0.25199179296260765,0.8939154094498484,-0.436803469897576,0.182143912574876,1.8222860865833264,-0.033149097394174556,-0.4114531064930479,-0.25194037067217256,-0.05855259873897765,0.08096673030206174,0.01128775135079274,0.23767798516584576,-0.0741689475034365,-0.24686921209405974,yes,Train
-1.5602384699775347,-0.13548988776125423,-0.36559412269766317,0.8939154094498484,-0.436803469897576,-1.5387920840132177,2.067444981717832,-0.5693506376457914,-0.4114531064930479,-0.25194037067217256,-0.039892974379359236,-0.043598532184621876,0.1483544136508862,-0.8090603927251423,-0.014254270429141907,-0.24686921209405974,yes,Train
0.8757792696709152,-0.13548988776125423,1.3319890654764401,-1.1186740819418701,-0.436803469897576,-1.1499853445566757,-0.23301257248320678,-0.5693506376457914,-0.4114531064930479,-0.25194037067217256,-0.05855259873897765,-0.06953805308591063,0.16934727414886874,1.2297200680315075,0.04081804709516934,-0.24686921209405974,yes,Train
-1.1240803943112125,-0.13548988776125423,-0.43920843907032375,-1.1186740819418701,-0.436803469897576,-0.21705544559649367,-0.198672311026913,-0.2465603476137659,-0.4114531064930479,-0.25194037067217256,0.0005522471603816026,0.24748125764736317,-0.031426282487963565,0.23767798516584576,0.06595303086221616,-0.24686921209405974,yes,Train
-0.08816663982820393,-0.13548988776125423,-0.44971839474425007,-1.1186740819418701,2.2893591029267353,1.1046811928202303,1.7040558440996407,-0.5693506376457914,-0.4114531064930479,-0.25194037067217256,-0.05855259873897765,-0.07239416126103224,0.03317984936807942,1.2297200680315075,-0.04064190994246272,-0.24686921209405974,no,Train
1.0397838361423846,-0.13548988776125423,-0.3386243699698426,-1.1186740819418701,2.2893591029267353,-1.2984763315738133,0.34223979022013407,-0.3565989941025165,-0.4114531064930479,-0.25194037067217256,0.30466433280223865,-0.05121432778038691,0.011155731778893604,0.5758633997506148,-0.0018930525854931185,-0.24686921209405974,yes,Train
1.2892062013234316,-0.13548988776125423,-0.3971163448188677,0.8939154094498484,2.2893591029267353,-1.6289771938901378,-0.502636284590998,-0.5693506376457914,-0.4114531064930479,-0.25194037067217256,-0.05855259873897765,-0.0474632734289917,-0.031426282487963565,0.23767798516584576,0.47157006371180754,-0.24686921209405974,yes,Train
-0.5066767073492572,-0.13548988776125423,-0.20519364298369597,-1.1186740819418701,-0.436803469897576,-0.6042047037700428,0.3950176106801149,-0.1748993424541067,1.4084440499689057,0.6163354305596446,0.0005522471603816026,0.14331768048244417,0.018836975709078774,0.23767798516584576,-0.030949871989523398,1.6077293029541713,yes,Train
-0.31798944720934086,-0.13548988776125423,-0.2304796507505651,0.8939154094498484,-0.436803469897576,-0.03920549884225788,1.6305982938209975,-0.5693506376457914,-0.4114531064930479,-0.25194037067217256,-0.02782609178698621,-0.07360007493462106,-0.0004065804653752489,0.23767798516584576,0.014773008070504946,-0.24686921209405974,yes,Train
1.2302690476956253,-0.13548988776125423,-0.0017315341431417852,0.8939154094498484,2.2893591029267353,-1.2984763315738133,0.18187331999839773,0.7218105224823107,3.084085236077407,2.787024933639187,-0.05855259873897765,-0.07471383078795771,0.23129722195681723,0.23767798516584576,-0.09135246136412273,1.4401274721486865,no,Train
2.266182802178634,-0.13548988776125423,-0.34888850749751965,-1.1186740819418701,-0.436803469897576,-0.45737119803589804,-0.5947504167879507,-0.5693506376457914,-0.4114531064930479,-0.25194037067217256,-0.05855259873897765,-0.29590342535589204,-0.698325168435782,0.23767798516584576,0.20813297640724818,-0.24686921209405974,no,Train
-1.0857477671582478,-0.13548988776125423,-0.19139703555457893,0.8939154094498484,-0.436803469897576,-1.5611317055074057,-0.2882958969057693,-0.5693506376457914,-0.4114531064930479,-0.25194037067217256,-0.023505821497242486,-0.035553894826608236,-0.005128967399065806,0.23767798516584576,0.04304861239700252,-0.24686921209405974,yes,Train
-0.18234061750847744,-0.13548988776125423,-0.34133447685688517,0.8939154094498484,-0.436803469897576,-1.2984763315738133,-0.4666075002182032,0.07622994241825963,-0.4114531064930479,-0.25194037067217256,0.0005522471603816026,-0.07471383078795771,0.23129722195681723,-0.8090603927251423,-0.014254270429141907,-0.24686921209405974,no,Train
-0.18234061750847744,-0.13548988776125423,-0.4474193419405787,0.8939154094498484,-0.436803469897576,-0.9380027029147067,0.09644470895189941,0.07622994241825963,2.5547608584881667,1.91874913240737,-0.05855259873897765,-0.010264674846943829,-0.031426282487963565,1.2297200680315075,-0.09135246136412273,0.8253266036047782,no,Train
-0.08816663982820393,-0.13548988776125423,-0.23984771738053437,-1.1186740819418701,-0.436803469897576,-1.2984763315738133,1.3701076372815109,-0.2465603476137659,-0.4114531064930479,-0.25194037067217256,-0.05855259873897765,-0.07471383078795771,-0.031426282487963565,0.23767798516584576,0.08238451708810435,-0.24686921209405974,no,Train
-0.7473844835901186,-0.13548988776125423,-0.2525581048534957,-1.1186740819418701,-0.436803469897576,-1.194041293665431,0.37436035966958214,0.8434864836792004,-0.4114531064930479,-0.25194037067217256,0.16774952887837338,-0.06016352282221752,-0.007072968786931547,0.23767798516584576,0.18546735271037368,-0.24686921209405974,yes,Train
-0.27651459518875093,-0.13548988776125423,-0.42672786670753626,-1.1186740819418701,-0.436803469897576,0.5038918117217194,0.24012010025737388,0.3990202324502852,-0.4114531064930479,-0.25194037067217256,-0.05855259873897765,-0.052763877572105364,-0.031426282487963565,0.23767798516584576,-0.030949871989523398,-0.24686921209405974,no,Train
-0.841558461270392,-0.13548988776125423,-0.05586536965789869,-1.1186740819418701,-0.436803469897576,0.36421191050625495,-0.10159434392861943,0.05000810699370309,-0.4114531064930479,-0.25194037067217256,-0.05375122276879897,-0.07239416126103224,0.03317984936807942,0.23767798516584576,-0.02174316475541991,-0.24686921209405974,yes,Train
-0.9357324389506656,-0.13548988776125423,-0.44150749187399513,0.8939154094498484,-0.436803469897576,1.705470573918741,-0.7228933333576982,5.240874582930668,-0.4114531064930479,-0.25194037067217256,-0.05855259873897765,-0.07239416126103224,0.03317984936807942,0.23767798516584576,-0.04064190994246272,-0.24686921209405974,no,Train
0.41424823703081526,-0.13548988776125423,0.062233109791266616,0.8939154094498484,-0.436803469897576,0.3837339355020172,0.7559394603582441,-0.5693506376457914,1.2964648316517418,0.18219752994373598,0.30466433280223865,0.034752915308352755,-0.031426282487963565,0.23767798516584576,0.022006454509058342,1.6077293029541713,yes,Train
0.5710512039337107,-0.13548988776125423,-0.24477425910268732,-1.1186740819418701,-0.436803469897576,1.5853126976990388,-0.5403867552129062,1.3673911025463619,-0.4114531064930479,-0.25194037067217256,0.30466433280223865,0.2607147893927068,0.23129722195681723,1.2297200680315075,-0.04064190994246272,-0.24686921209405974,no,Train
0.3827032485731636,-0.13548988776125423,0.006150932612302935,0.8939154094498484,-0.436803469897576,-0.9380027029147067,0.04208104737685502,-0.5693506376457914,-0.4114531064930479,-0.25194037067217256,-0.05855259873897765,0.01881674343539798,-0.031426282487963565,-0.8090603927251423,-0.09135246136412273,-0.24686921209405974,no,Train
0.42030913152927224,-0.13548988776125423,-0.17355861297866185,0.8939154094498484,-0.436803469897576,-0.26503731002101427,0.5818837989285872,-0.5693506376457914,-0.4114531064930479,-0.25194037067217256,-0.05855259873897765,-0.07378557066664976,-0.005572903332953339,0.8327354572951652,0.03959251744739417,-0.24686921209405974,yes,Train
1.791642054990755,-0.13548988776125423,3.0960092318601036,-1.1186740819418701,-0.436803469897576,1.1983123744787247,-0.011776229114288717,-0.40166438333636295,0.5255330791634291,1.693218933215759,-0.05855259873897765,0.12870702292470068,0.03317984936807942,0.23767798516584576,0.4068890524295833,1.6077293029541713,yes,Train
0.3827032485731636,-0.13548988776125423,-0.414641671249939,0.8939154094498484,-0.436803469897576,1.0659061316517833,2.1438316436012474,0.2567018910337545,-0.4114531064930479,-0.25194037067217256,-0.05855259873897765,-0.04629817745987769,-0.031426282487963565,-0.8090603927251423,-0.09135246136412273,-0.24686921209405974,yes,Train
-0.7473844835901186,-0.13548988776125423,-0.4474193419405787,0.8939154094498484,-0.436803469897576,0.6240496879414215,-0.7811401136166743,1.0446008125143362,-0.4114531064930479,-0.25194037067217256,-0.05855259873897765,-0.010264674846943829,-0.031426282487963565,0.23767798516584576,0.022006454509058342,-0.24686921209405974,no,Train
-0.08816663982820393,-0.13548988776125423,-0.3883008412747433,0.8939154094498484,2.2893591029267353,0.6240496879414215,-0.81608818177206,0.3990202324502852,-0.4114531064930479,-0.25194037067217256,-0.05855259873897765,-0.052763877572105364,0.03317984936807942,0.23767798516584576,0.022006454509058342,-0.24686921209405974,no,Train
0.8082734093068586,-0.13548988776125423,2.4186082216043294,-1.1186740819418701,-0.436803469897576,-0.3562237408834906,2.0308067414680844,-0.0014046260283628875,1.4763927000852548,0.23440496864533822,-0.05855259873897765,0.10002908116371416,-0.031426282487963565,0.23767798516584576,-0.08525424233944227,0.8992597446935011,yes,Train
-1.0497671083369506,-0.13548988776125423,-0.28602818300928845,0.8939154094498484,-0.436803469897576,1.5816926219407277,3.312557948839132,0.05678010956957391,-0.4114531064930479,-0.25194037067217256,-0.0567719079796989,-0.07189597335689096,-0.031426282487963565,-0.8090603927251423,-0.09135246136412273,-0.24686921209405974,yes,Train
-1.218254371991486,-0.13548988776125423,-0.2664510426801603,-1.1186740819418701,2.2893591029267353,-0.9380027029147067,-0.37729577048777313,-0.5693506376457914,-0.4114531064930479,-0.25194037067217256,0.0005522471603816026,-0.010264674846943829,-0.031426282487963565,0.23767798516584576,-0.04064190994246272,-0.24686921209405974,no,Train
1.1360950700153518,-0.13548988776125423,-0.19485196965153742,-1.1186740819418701,-0.436803469897576,-1.4186342077935155,-0.7733738762488108,-0.5693506376457914,-0.4114531064930479,-0.25194037067217256,-0.05855259873897765,-0.010264674846943829,-0.031426282487963565,0.23767798516584576,-0.030949871989523398,-0.24686921209405974,no,Train
0.23997925311173043,-0.13548988776125423,0.2821532070796069,-1.1186740819418701,-0.436803469897576,1.4651548214793366,2.5692451304807977,-0.5693506376457914,-0.4114531064930479,-0.25194037067217256,-0.05855259873897765,-0.04888293685527509,-0.5264201816838825,0.23767798516584576,0.7526023103973665,-0.24686921209405974,yes,Train
-0.464862550549298,-0.13548988776125423,-0.07562965997543604,0.8939154094498484,2.2893591029267353,0.5038918117217194,-0.0006332581463941429,-0.2465603476137659,-0.4114531064930479,-0.25194037067217256,-0.05855259873897765,-0.07471383078795771,-0.031426282487963565,-0.8090603927251423,-0.014254270429141907,-0.24686921209405974,no,Train
-0.18610059827270808,-0.13548988776125423,-0.06142173994237214,-1.1186740819418701,-0.436803469897576,1.705470573918741,0.04301126941375638,-0.25300419394635565,-0.4114531064930479,-0.25194037067217256,-0.05855259873897765,-0.017688047237688923,0.00023191895887716973,0.23767798516584576,0.22238976237298144,-0.24686921209405974,yes,Train
-0.84622372749942,-0.13548988776125423,-0.35573674174168407,0.8939154094498484,-0.436803469897576,0.5459285962908905,1.4512564603425762,-0.3594873259359048,-0.4114531064930479,-0.25194037067217256,0.0005522471603816026,-0.027721664449778853,-0.031426282487963565,0.23767798516584576,-0.01242329879572588,-0.24686921209405974,yes,Train
-1.5007763050323066,-0.13548988776125423,-0.43099753620006886,0.8939154094498484,-0.436803469897576,-0.9380027029147067,-0.26080220996982084,-0.5693506376457914,-0.4114531064930479,-0.25194037067217256,0.0005522471603816026,-0.052763877572105364,-0.031426282487963565,0.23767798516584576,-0.09135246136412273,-0.24686921209405974,no,Train
-0.37068857286902446,-0.13548988776125423,-0.3817321189785393,-1.1186740819418701,-0.436803469897576,-1.0581605791344089,0.0032498605375375993,0.3990202324502852,-0.4114531064930479,-0.25194037067217256,0.0005522471603816026,-0.07239416126103224,0.03317984936807942,0.23767798516584576,-0.030949871989523398,-0.24686921209405974,no,Train
3.163730905607174,-0.13548988776125423,2.707895690270864,-1.1186740819418701,-0.436803469897576,0.5718716880143497,-0.19175832607215512,-0.5537761726542731,-0.4114531064930479,-0.25194037067217256,-0.05855259873897765,0.12091489631251084,-0.018750008917224226,0.2855435039463867,0.0667458415968833,-0.24686921209405974,yes,Train
2.1125125935479923,-0.13548988776125423,1.5989120018299632,0.8939154094498484,-0.436803469897576,0.6357617624929405,2.7732732498542307,-0.5402179225258744,-0.4114531064930479,-0.25194037067217256,-0.025771267577278767,0.1034682200081185,-0.0255954006662856,0.23767798516584576,-0.015761094577928972,-0.24686921209405974,yes,Train
1.7966787875914687,-0.13548988776125423,-0.08987676259963026,-1.1186740819418701,-0.436803469897576,1.705470573918741,0.7091889852194977,0.7124471969545217,-0.4114531064930479,-0.25194037067217256,0.30466433280223865,0.12091489631251084,-0.031426282487963565,0.23767798516584576,-0.03909588585005497,-0.24686921209405974,yes,Train
-1.59495028271258,-0.13548988776125423,-0.16989082492596247,0.8939154094498484,-0.436803469897576,-0.33721332181619584,-0.5947504167879507,-0.5693506376457914,-0.4114531064930479,-0.25194037067217256,0.0005522471603816026,-0.010264674846943829,-0.031426282487963565,-0.8090603927251423,-0.09135246136412273,-0.24686921209405974,no,Train
-0.9357324389506656,-0.13548988776125423,0.24361024362007513,0.8939154094498484,-0.436803469897576,-1.5387920840132177,0.764341122588159,-0.5693506376457914,-0.4114531064930479,-0.25194037067217256,0.0005522471603816026,-0.010264674846943829,-0.031426282487963565,-0.8090603927251423,-0.014254270429141907,-0.24686921209405974,no,Train
-1.4066023273520332,-0.13548988776125423,-0.4451202891369073,0.8939154094498484,-0.436803469897576,0.7442075641611237,-0.2724515660216161,-0.2465603476137659,-0.4114531064930479,-0.25194037067217256,0.0005522471603816026,-0.052763877572105364,-0.031426282487963565,0.23767798516584576,-0.04064190994246272,-0.24686921209405974,no,Train
-0.1213250172275509,-0.13548988776125423,-0.045250132706829996,-1.1186740819418701,-0.436803469897576,-0.5246450357805073,3.9394089227044975,-0.27497372284058436,-0.4114531064930479,-0.25194037067217256,-0.004650412944713758,-0.007704804629960982,0.027492942657852987,-0.8090603927251423,-0.014254270429141907,-0.24686921209405974,yes,Train
-1.5007763050323066,-0.13548988776125423,0.34049889748908313,0.8939154094498484,-0.436803469897576,-1.5387920840132177,-0.25303597260195737,-0.2465603476137659,-0.4114531064930479,-0.25194037067217256,0.0005522471603816026,-0.07239416126103224,0.03317984936807942,-0.8090603927251423,-0.014254270429141907,-0.24686921209405974,no,Train
1.7011389360969928,-0.13548988776125423,-0.4470909058257685,0.8939154094498484,-0.436803469897576,1.5853126976990388,-0.18702295497511776,-0.5693506376457914,-0.4114531064930479,-0.25194037067217256,-0.05855259873897765,-0.07239416126103224,0.03317984936807942,0.23767798516584576,0.06595303086221616,-0.24686921209405974,yes,Train
-0.7473844835901186,-0.13548988776125423,-0.2756472538948458,0.8939154094498484,-0.436803469897576,0.263576059282315,-0.9325817422900122,0.7218105224823107,3.1939450125581925,1.91874913240737,-0.05855259873897765,-0.07471383078795771,-0.031426282487963565,0.23767798516584576,-0.09135246136412273,0.8253266036047782,no,Train
1.6069649584167194,-0.13548988776125423,-0.04442822906846735,-1.1186740819418701,-0.436803469897576,-0.9380027029147067,0.5507695949719132,-0.2465603476137659,0.5473231246119912,0.18219752994373598,-0.05855259873897765,-0.07239416126103224,0.03317984936807942,0.23767798516584576,0.46870251295695126,1.6077293029541713,yes,Train
-0.653210505909845,-0.13548988776125423,0.5109572410755753,-1.1186740819418701,2.2893591029267353,-1.4186342077935155,-0.04723068235357505,-0.5693506376457914,1.5560356177537509,0.6163354305596446,-0.05855259873897765,0.01881674343539798,-0.031426282487963565,0.23767798516584576,-0.014254270429141907,1.6077293029541713,yes,Train
-0.27651459518875093,-0.13548988776125423,0.3644747338702275,0.8939154094498484,-0.436803469897576,-1.5387920840132177,-0.319048990228797,-0.2465603476137659,-0.4114531064930479,-0.25194037067217256,-0.05855259873897765,-0.07471383078795771,0.23129722195681723,-0.8090603927251423,-0.014254270429141907,-0.24686921209405974,no,Train
1.2807297472081616,-0.13548988776125423,0.04768072692488928,-1.1186740819418701,-0.436803469897576,-0.929393575014183,0.4211263572271221,-0.5693506376457914,-0.4114531064930479,-0.25194037067217256,-0.05855259873897765,-0.14285126048394414,-0.698325168435782,0.23767798516584576,0.2141395500574524,-0.24686921209405974,yes,Train
0.1943552932126166,-0.13548988776125423,0.36644535055908867,0.8939154094498484,-0.436803469897576,1.4651548214793366,0.3449643047235309,-0.5693506376457914,1.8956021996034522,0.18219752994373598,-0.05855259873897765,0.01881674343539798,-0.031426282487963565,0.23767798516584576,0.20813297640724818,0.8253266036047782,no,Train
-1.029906416630939,-0.13548988776125423,-0.4408506196443747,-1.1186740819418701,-0.436803469897576,1.2248390690399324,0.05373040342865025,2.3357619726424383,-0.4114531064930479,-0.25194037067217256,-0.05855259873897765,-0.07239416126103224,0.03317984936807942,0.23767798516584576,-0.030949871989523398,-0.24686921209405974,no,Train
-0.464862550549298,-0.13548988776125423,-0.44282123633323595,0.8939154094498484,2.2893591029267353,-0.5775290742556002,-0.18702295497511776,-0.5693506376457914,-0.4114531064930479,-0.25194037067217256,-0.05855259873897765,0.19927053978598,-0.031426282487963565,0.23767798516584576,-0.09135246136412273,-0.24686921209405974,no,Train
1.8894868914575398,-0.13548988776125423,-0.3827174273229699,-1.1186740819418701,-0.436803469897576,0.14341818306261284,-0.5636854673164967,-0.5693506376457914,-0.4114531064930479,-0.25194037067217256,-0.05855259873897765,0.12091489631251084,0.23129722195681723,0.23767798516584576,0.08238451708810435,-0.24686921209405974,yes,Train
-0.6727156324277231,-0.13548988776125423,-0.3172792784757867,-1.1186740819418701,-0.436803469897576,-0.9380027029147067,0.7000249566500322,-0.2465603476137659,-0.4114531064930479,-0.25194037067217256,0.06353933607998599,0.01279345805562761,-0.0180451892526207,0.23767798516584576,-0.05114497825958271,-0.24686921209405974,yes,Train
1.9578824553992922,-0.13548988776125423,0.1451905501284588,-1.1186740819418701,-0.436803469897576,-0.5283584914957685,0.8734906948906198,-0.5693506376457914,1.422114388215777,0.7939918126713139,-0.05855259873897765,0.17580267705117872,0.00674195571380333,1.2297200680315075,-0.03491601361310754,1.6077293029541713,yes,Train
0.3827032485731636,-0.13548988776125423,-0.26316668153205836,0.8939154094498484,-0.436803469897576,1.5853126976990388,0.3177824739360087,1.3673911025463619,-0.4114531064930479,-0.25194037067217256,-0.05855259873897765,0.01881674343539798,-0.031426282487963565,-0.8090603927251423,-0.09135246136412273,-0.24686921209405974,no,Train
0.006007337852069585,-0.13548988776125423,0.3638178616406071,0.8939154094498484,-0.436803469897576,-1.178318455354111,-0.9170492675542853,-0.2465603476137659,-0.4114531064930479,-0.25194037067217256,-0.05855259873897765,-0.07239416126103224,0.03317984936807942,0.23767798516584576,-0.09135246136412273,-0.24686921209405974,no,Train
1.878749698169361,-0.13548988776125423,-0.436846717800102,-1.1186740819418701,-0.436803469897576,-0.9517024358329466,0.5603866921281166,-0.0190992362525248,-0.4114531064930479,-0.25194037067217256,0.04871572014295452,-0.01530448335814081,0.09168955982877622,0.23767798516584576,-0.015310358452635932,-0.24686921209405974,yes,Train
1.9528680854110176,-0.13548988776125423,-0.2557525334543491,-1.1186740819418701,-0.436803469897576,1.2248390690399324,-0.4023824547429588,-0.09510425478811117,-0.4114531064930479,-0.25194037067217256,0.03784354962595824,0.1887980521198684,0.16157157947106449,1.2297200680315075,0.0794943349692964,-0.24686921209405974,yes,Train
1.8625914378386867,-0.13548988776125423,-0.38467747102294103,-1.1186740819418701,-0.436803469897576,0.5554171279410633,-0.13492991217715686,-0.10814352226955441,1.436188588865621,0.18219752994373598,0.0451797100843244,-0.017186396651950993,0.014728773331692778,0.23767798516584576,0.2987176501276946,1.6077293029541713,yes,Train
1.3571308947739378,-0.13548988776125423,1.066632799052134,0.8939154094498484,-0.436803469897576,0.10419269652061496,4.217010393700367,-0.03247782755465674,-0.4114531064930479,-0.25194037067217256,0.10296966079651938,-0.07239416126103224,0.03317984936807942,-0.4565448483625543,-0.053175987871384375,-0.24686921209405974,yes,Train
-1.60271599298841,-0.13548988776125423,-0.3949839477699566,-1.1186740819418701,-0.436803469897576,-0.6976869504753024,-0.11836701330477346,-0.5693506376457914,-0.4114531064930479,-0.25194037067217256,0.0005522471603816026,0.3418907269653379,0.0035405368164919127,0.23767798516584576,-0.030949871989523398,-0.24686921209405974,yes,Train
1.7296499470004463,-0.13548988776125423,-0.3951866330114081,-1.1186740819418701,-0.436803469897576,-0.326188221021992,1.1304248606462475,-0.5693506376457914,1.4162140840509327,1.6558801165081878,-0.05855259873897765,-0.0001829254036175218,-0.031426282487963565,0.23767798516584576,0.29352284875744655,1.6077293029541713,yes,Train
0.8618825678869645,-0.13548988776125423,-0.1947168272484158,-1.1186740819418701,-0.436803469897576,-1.234863626941833,0.983051942946398,-0.5693506376457914,-0.4114531064930479,-0.25194037067217256,-0.05855259873897765,0.23631368820561582,0.20811584146264336,-0.8090603927251423,-0.014254270429141907,-0.24686921209405974,yes,Train
-0.841558461270392,-0.13548988776125423,-0.3551287936789134,0.8939154094498484,-0.436803469897576,-1.178318455354111,-0.12489305603220989,-0.5693506376457914,-0.4114531064930479,-0.25194037067217256,-0.05855259873897765,-0.010264674846943829,0.03317984936807942,-0.8090603927251423,-0.09135246136412273,-0.24686921209405974,no,Train
-0.004798128544853286,-0.13548988776125423,-0.3076969482486418,0.8939154094498484,-0.436803469897576,-0.2460381509296783,0.2260251386335031,-0.5693506376457914,1.5085335458870162,2.0285563253058054,-0.05855259873897765,-0.018415288843690224,-0.031426282487963565,0.23767798516584576,-0.06938067557966374,1.6077293029541713,yes,Train
-1.218254371991486,-0.13548988776125423,-0.434610333462981,-1.1186740819418701,-0.436803469897576,1.8256284501384432,-0.9170492675542853,1.3673911025463619,-0.4114531064930479,-0.25194037067217256,0.0005522471603816026,-0.07471383078795771,-0.031426282487963565,0.23767798516584576,-0.04064190994246272,-0.24686921209405974,no,Train
1.4106960853186052,-0.13548988776125423,-0.1133953522727502,0.8939154094498484,-0.436803469897576,1.5574880131920414,3.262323343355941,-0.32130815661832124,-0.4114531064930479,-0.25194037067217256,0.2205550189087822,0.0806964999748,-0.031426282487963565,0.23767798516584576,0.016966321358897696,-0.24686921209405974,yes,Train
-1.3124283496717597,-0.13548988776125423,0.026842407845345327,-1.1186740819418701,-0.436803469897576,-1.6589499602329196,-0.03946444498571156,-0.2465603476137659,-0.4114531064930479,-0.25194037067217256,0.0005522471603816026,0.3418907269653379,-0.698325168435782,0.23767798516584576,0.08238451708810435,-0.24686921209405974,no,Train
0.1943552932126166,-0.13548988776125423,-0.33115295729776906,-1.1186740819418701,-0.436803469897576,-0.21705544559649367,-0.3462308210163192,2.3357619726424383,-0.4114531064930479,-0.25194037067217256,-0.05855259873897765,-0.07239416126103224,0.03317984936807942,0.23767798516584576,-0.030949871989523398,-0.24686921209405974,no,Train
-1.4066023273520332,-0.13548988776125423,-0.3915852024228452,-1.1186740819418701,-0.436803469897576,-0.09689756937679152,-0.5015555683735888,-0.5693506376457914,-0.4114531064930479,-0.25194037067217256,0.0005522471603816026,-0.07239416126103224,0.03317984936807942,0.23767798516584576,-0.014254270429141907,-0.24686921209405974,yes,Train
-0.841558461270392,-0.13548988776125423,-0.19058230015900487,0.8939154094498484,-0.436803469897576,0.14341818306261284,1.005094480991927,-0.5693506376457914,-0.4114531064930479,-0.25194037067217256,0.0005522471603816026,-0.07471383078795771,-0.031426282487963565,0.23767798516584576,0.06595303086221616,-0.24686921209405974,no,Train
-0.9357324389506656,-0.13548988776125423,0.5073444438126631,0.8939154094498484,-0.436803469897576,-0.45737119803589804,-0.03946444498571156,-0.5693506376457914,1.5360611129390627,1.050473331175553,0.0005522471603816026,-0.07239416126103224,0.03317984936807942,0.23767798516584576,-0.04064190994246272,0.8253266036047782,yes,Train
0.9477471146548048,7.3806246098756345,-0.453002755892352,-1.1186740819418701,-0.436803469897576,1.3449969452596344,-0.4821399749539302,1.0446008125143362,-0.4114531064930479,-0.25194037067217256,-0.05855259873897765,-0.07471383078795771,0.23129722195681723,0.23767798516584576,-0.030949871989523398,-0.24686921209405974,no,Train
-0.841558461270392,-0.13548988776125423,-0.1876263751257131,0.8939154094498484,-0.436803469897576,0.6240496879414215,2.0380040509177704,-0.2465603476137659,-0.4114531064930479,-0.25194037067217256,-0.05855259873897765,-0.052763877572105364,-0.031426282487963565,-0.8090603927251423,-0.09135246136412273,-0.24686921209405974,yes,Train
-0.781869447801169,-0.13548988776125423,-0.3450864761372716,0.8939154094498484,-0.436803469897576,-1.4079148098395124,-0.016812294225403063,-0.5693506376457914,1.1498423215138562,6.161276126747442,0.0005522471603816026,-0.07292234366382759,0.018469209958910323,0.23767798516584576,0.08281960861112381,1.0034775569622016,yes,Train
0.3473167757704333,-0.13548988776125423,-0.09168116493937117,0.8939154094498484,-0.436803469897576,0.6539073873263295,1.5845735797734195,-0.32676961684653205,-0.4114531064930479,-0.25194037067217256,0.07792848006934278,-0.06646599585917289,-0.031426282487963565,-0.8090603927251423,0.20613212140098514,-0.24686921209405974,yes,Train
1.8894868914575398,-0.13548988776125423,0.9461350931990858,-1.1186740819418701,-0.436803469897576,1.705470573918741,0.22070450683771517,-0.5693506376457914,1.4162140840509327,0.6163354305596446,0.30466433280223865,0.12091489631251084,-0.031426282487963565,0.23767798516584576,0.06595303086221616,1.6077293029541713,yes,Train
-0.37068857286902446,-0.13548988776125423,0.30240030817110036,-1.1186740819418701,-0.436803469897576,-1.178318455354111,0.17410708263053426,-0.2465603476137659,0.5173613673899586,1.4846112317914615,-0.05855259873897765,-0.07239416126103224,0.03317984936807942,0.23767798516584576,-0.030949871989523398,1.6077293029541713,,Test
0.006007337852069585,-0.13548988776125423,-0.1482140413484895,-1.1186740819418701,-0.436803469897576,-1.178318455354111,0.13139277710728509,-0.2465603476137659,-0.4114531064930479,-0.25194037067217256,0.0005522471603816026,-0.07239416126103224,-0.031426282487963565,0.23767798516584576,-0.030949871989523398,-0.24686921209405974,,Test
-1.0928099352621987,-0.13548988776125423,-0.298581635531409,0.8939154094498484,-0.436803469897576,-0.21705544559649367,0.9741192391620157,-0.5693506376457914,3.1929421350117346,0.3749619777139883,0.0005522471603816026,-0.07471383078795771,0.11464361678040748,0.23767798516584576,-0.09135246136412273,1.5145454723156102,,Test
-1.0922206375553698,-0.13548988776125423,-0.23508626686037304,-1.1186740819418701,-0.436803469897576,1.1453314956210245,-0.4894426517470891,-0.5693506376457914,-0.4114531064930479,-0.25194037067217256,0.0005522471603816026,-0.056084413025650315,-0.02049791513760267,0.23767798516584576,-0.061964205662662114,-0.24686921209405974,,Test
1.516484579887116,-0.13548988776125423,0.999719187349276,-1.1186740819418701,-0.436803469897576,1.1046811928202303,0.10251008858082569,-0.5693506376457914,1.4918690287226648,0.25739173502092755,-0.05855259873897765,-0.07239416126103224,-0.5716259370493881,0.23767798516584576,0.162195303391652,1.6077293029541713,,Test
-1.1957494671662363,-0.13548988776125423,1.291165674203632,-1.1186740819418701,-0.436803469897576,-0.726401268750243,3.0859537439807676,0.6446728148626064,1.4778444846785543,0.9467267084347648,-0.006509942228029226,0.2923895685257563,0.03317984936807942,0.23767798516584576,0.422543000831285,0.8987865729820711,,Test
-1.3072621971565423,-0.13548988776125423,-0.345799313741026,-1.1186740819418701,-0.436803469897576,-1.5354963014109202,-0.21196809330868113,-0.5693506376457914,-0.4114531064930479,-0.25194037067217256,0.0005522471603816026,0.016314940621501246,-0.029654215836389636,0.23767798516584576,-0.03991812947995951,-0.24686921209405974,,Test
1.3600868574369234,-0.13548988776125423,-0.40096720464504165,-1.1186740819418701,-0.436803469897576,-1.4089005534819508,0.24359618716036646,-0.5693506376457914,-0.4114531064930479,-0.25194037067217256,-0.026606216457532063,-0.033235647129427746,0.00349356468519358,0.23767798516584576,0.0735032395475394,-0.24686921209405974,,Test
1.4186170030561722,-0.13548988776125423,-0.1403315745930448,0.8939154094498484,-0.436803469897576,0.14341818306261284,-0.4588412628503397,-0.5693506376457914,-0.4114531064930479,-0.25194037067217256,-0.05855259873897765,-0.07239416126103224,0.03317984936807942,0.23767798516584576,0.022006454509058342,-0.24686921209405974,,Test
-0.841558461270392,-0.13548988776125423,-0.39815392471904915,0.8939154094498484,-0.436803469897576,-0.8178448266950046,3.5718359310708085,0.3990202324502852,-0.4114531064930479,-0.25194037067217256,-0.05855259873897765,-0.07471383078795771,-0.031426282487963565,-0.8090603927251423,-0.09135246136412273,-0.24686921209405974,,Test
-0.9276620433072388,-0.13548988776125423,-0.4045758444005397,0.8939154094498484,-0.436803469897576,1.564718439610904,-0.3260467470871398,-0.2742223983690099,-0.4114531064930479,-0.25194037067217256,-0.05348751066899036,-0.04911340288374319,0.03317984936807942,0.23767798516584576,0.3987376908754601,-0.24686921209405974,,Test
-0.841558461270392,-0.13548988776125423,-0.40110984975234093,-1.1186740819418701,-0.436803469897576,-1.6589499602329196,-0.7539582828291521,-0.2465603476137659,-0.4114531064930479,-0.25194037067217256,-0.05855259873897765,-0.07239416126103224,0.03317984936807942,0.23767798516584576,0.08238451708810435,-0.24686921209405974,,Test
-0.464862550549298,-0.13548988776125423,-0.4474193419405787,-1.1186740819418701,-0.436803469897576,-1.178318455354111,0.5857176631272989,-0.5693506376457914,-0.4114531064930479,-0.25194037067217256,-0.05855259873897765,0.24748125764736317,0.23129722195681723,0.23767798516584576,0.08238451708810435,-0.24686921209405974,,Test
-1.029906416630939,-0.13548988776125423,-0.2474017480211689,0.8939154094498484,-0.436803469897576,-0.21705544559649367,0.5585358323397768,-0.5693506376457914,-0.4114531064930479,-0.25194037067217256,0.0005522471603816026,-0.07471383078795771,-0.031426282487963565,-0.8090603927251423,-0.09135246136412273,-0.24686921209405974,,Test
0.7199258444227459,-0.13548988776125423,-0.015342003264274207,0.8939154094498484,-0.436803469897576,-1.2984763315738133,1.0492067652267487,-0.33912393858449913,-0.4114531064930479,-0.25194037067217256,-0.01639670375035896,-0.0019252650509787236,-0.031426282487963565,-0.8090603927251423,-0.03636300675321477,-0.24686921209405974,,Test
0.47687722625343715,-0.13548988776125423,2.3653075452939456,-1.1186740819418701,-0.436803469897576,-1.6589499602329196,0.5391202389201181,-0.2465603476137659,3.0141744692259977,0.18219752994373598,-0.05855259873897765,-0.29590342535589204,0.03317984936807942,0.23767798516584576,-0.030949871989523398,0.8253266036047782,,Test
-0.37068857286902446,-0.13548988776125423,-0.2946965485538372,0.8939154094498484,-0.436803469897576,0.263576059282315,2.4884458182538522,0.07622994241825963,-0.4114531064930479,-0.25194037067217256,0.0005522471603816026,0.2607147893927068,-0.031426282487963565,0.23767798516584576,-0.09135246136412273,-0.24686921209405974,,Test
1.7011389360969928,-0.13548988776125423,3.7986027503256437,-1.1186740819418701,-0.436803469897576,-0.9380027029147067,-0.7461920454612886,-0.2465603476137659,-0.4114531064930479,-0.25194037067217256,-0.05855259873897765,-0.07471383078795771,-0.031426282487963565,0.23767798516584576,-0.030949871989523398,-0.24686921209405974,,Test
-0.3759230272807304,-0.13548988776125423,-0.03065506800116398,0.8939154094498484,-0.436803469897576,-0.9380027029147067,0.9372554415775698,-0.5693506376457914,-0.4114531064930479,-0.25194037067217256,0.0005522471603816026,0.06624894040189169,0.03317984936807942,0.23767798516584576,-0.09135246136412273,-0.24686921209405974,,Test
-0.37068857286902446,-0.13548988776125423,-0.17186144161482367,-1.1186740819418701,2.2893591029267353,1.4651548214793366,-0.664646553098722,2.658552262674464,-0.4114531064930479,-0.25194037067217256,-0.05855259873897765,-0.07239416126103224,0.03317984936807942,0.23767798516584576,-0.030949871989523398,-0.24686921209405974,,Test
1.4186170030561722,-0.13548988776125423,-0.23262212285471004,-1.1186740819418701,2.2893591029267353,-1.0581605791344089,-0.6413478409951316,0.3990202324502852,-0.4114531064930479,-0.25194037067217256,-0.05855259873897765,0.12091489631251084,-0.031426282487963565,0.23767798516584576,-0.030949871989523398,-0.24686921209405974,,Test
1.313269776424571,-0.13548988776125423,0.07195520472756015,0.8939154094498484,-0.436803469897576,1.8113723477889851,-0.24704656220488744,-0.0003648103667145408,0.5894726116279285,0.7708599912378673,-0.015458813179387021,-0.07006513097002955,-0.6192011103721397,0.23767798516584576,-0.019452850367003463,1.6077293029541713,,Test
-1.1730357810351657,-0.13548988776125423,-0.1319288983319693,0.8939154094498484,-0.436803469897576,-0.5486815625076866,3.1979125898999827,0.3990202324502852,-0.4114531064930479,-0.25194037067217256,-0.03609512366155752,-0.07327554280929788,0.008632105880580825,0.23767798516584576,-0.03463245837420264,-0.24686921209405974,,Test
1.7011389360969928,-0.13548988776125423,-0.055552976841098056,-1.1186740819418701,-0.436803469897576,-0.0885615584098261,0.5832187150856457,-0.4542892966355994,-0.4114531064930479,-0.25194037067217256,-0.02051617726064512,0.08314103211340639,-0.008396877953830692,0.23767798516584576,0.14178659651755626,-0.24686921209405974,,Test
-0.841558461270392,-0.13548988776125423,-0.3196576932794122,0.8939154094498484,-0.436803469897576,1.4651548214793366,-0.5015555683735888,0.07622994241825963,1.9255639568254848,1.050473331175553,-0.05855259873897765,-0.010264674846943829,-0.031426282487963565,0.23767798516584576,-0.04064190994246272,0.8253266036047782,,Test
-0.7473844835901186,-0.13548988776125423,-0.08055620169758898,-1.1186740819418701,-0.436803469897576,-1.6589499602329196,0.6167826125987529,-0.5693506376457914,-0.4114531064930479,-0.25194037067217256,0.30466433280223865,0.01881674343539798,-0.031426282487963565,0.23767798516584576,-0.014254270429141907,-0.24686921209405974,,Test
-0.37068857286902446,-0.13548988776125423,-0.4474193419405787,-1.1186740819418701,-0.436803469897576,-0.5775290742556002,-0.27633468470554784,0.3990202324502852,-0.4114531064930479,-0.25194037067217256,-0.05855259873897765,-0.07239416126103224,0.03317984936807942,0.23767798516584576,-0.030949871989523398,-0.24686921209405974,,Test
-0.7473844835901186,-0.13548988776125423,-0.3758202689119558,0.8939154094498484,2.2893591029267353,-0.6976869504753024,-0.37341265180384137,-0.5693506376457914,1.2064817834967054,1.4846112317914615,-0.05855259873897765,-0.052763877572105364,-0.031426282487963565,0.23767798516584576,-0.030949871989523398,0.8253266036047782,,Test
1.0265390503336045,-0.13548988776125423,0.6870585851280929,-1.1186740819418701,-0.436803469897576,-1.1380371709264054,-0.1515182221033052,0.23808578702014488,0.4873711017326346,3.2211628342550958,-0.05855259873897765,-0.06206880477863544,0.03317984936807942,0.23767798516584576,0.0017235898535384042,1.6077293029541713,,Test
-0.7473844835901186,-0.13548988776125423,-0.5689407044203515,0.8939154094498484,-0.436803469897576,-1.0581605791344089,0.011016097905401083,-0.5693506376457914,3.04413622644803,0.18219752994373598,-0.05855259873897765,-0.010264674846943829,-0.031426282487963565,0.23767798516584576,-0.09135246136412273,0.8253266036047782,,Test
-0.9336121708431575,-0.13548988776125423,0.19252405634566333,-1.1186740819418701,2.2893591029267353,-1.508076295132237,-0.115157021499544,-0.5693506376457914,1.1843243616151113,0.6163354305596446,-0.03655462009875034,0.007993055318660899,-0.007380803864824988,0.23767798516584576,-0.014254270429141907,1.6077293029541713,,Test
-0.08816663982820393,-0.13548988776125423,0.26134579381982576,-1.1186740819418701,-0.436803469897576,-0.6976869504753024,0.07314599684830896,-0.5693506376457914,-0.4114531064930479,-0.25194037067217256,-0.05855259873897765,-0.07471383078795771,-0.031426282487963565,0.23767798516584576,-0.04064190994246272,-0.24686921209405974,,Test
-0.7473844835901186,-0.13548988776125423,-0.5840487657016205,0.8939154094498484,-0.436803469897576,0.023260306842910656,1.9758741519748626,-0.2465603476137659,-0.4114531064930479,-0.25194037067217256,0.0005522471603816026,-0.07471383078795771,-0.031426282487963565,-0.8090603927251423,-0.09135246136412273,-0.24686921209405974,,Test
-1.3155207105005151,-0.13548988776125423,-0.3910358939315875,-1.1186740819418701,-0.436803469897576,-0.07322405453707,0.739199431449807,0.7112111608180242,-0.4114531064930479,-0.25194037067217256,-0.05661179179048773,0.21802701577072392,0.03317984936807942,0.23767798516584576,-0.03714168591447258,-0.24686921209405974,,Test
1.0973259305845773,-0.13548988776125423,-0.09060946844303948,-1.1186740819418701,-0.436803469897576,0.6028239705115498,4.009356317034154,0.5889255996043732,-0.4114531064930479,-0.25194037067217256,-0.05855259873897765,-0.06084518861097296,0.03317984936807942,0.23767798516584576,-0.030949871989523398,-0.24686921209405974,,Test
3.9946466673532885,-0.13548988776125423,1.133133969566081,-1.1186740819418701,-0.436803469897576,-0.7660923084343974,4.392467555882878,-0.5693506376457914,0.565216143557418,1.0271001966627502,-0.05855259873897765,0.12091489631251084,0.02970158172989147,1.1763104647412055,0.4385502497456542,0.8674496329674057,,Test
-0.27651459518875093,-0.13548988776125423,-0.009614000898586505,0.8939154094498484,2.2893591029267353,1.4651548214793366,-0.2724515660216161,-0.5693506376457914,-0.4114531064930479,-0.25194037067217256,0.30466433280223865,-0.052763877572105364,-0.031426282487963565,-0.8090603927251423,-0.09135246136412273,-0.24686921209405974,,Test
-0.9129245152976011,-0.13548988776125423,-0.3901149176782583,0.8939154094498484,-0.436803469897576,-0.31781269236674803,0.09535769973971872,-0.5693506376457914,0.9045752348355259,1.4846112317914615,-0.05855259873897765,-0.07346036285962701,0.003484601719921418,0.23767798516584576,0.08238451708810435,1.6077293029541713,,Test
-1.1960694080535,-0.13548988776125423,-0.31346347633793264,0.8939154094498484,-0.436803469897576,0.263576059282315,1.9481413982142326,0.33733292987110375,-0.4114531064930479,-0.25194037067217256,-0.010743069413508909,-0.018386546101562123,-0.01907963474995755,0.23767798516584576,-0.09135246136412273,-0.24686921209405974,,Test
1.7011389360969928,-0.13548988776125423,-0.41895841547450074,0.8939154094498484,2.2893591029267353,0.7352782265253914,0.5795260031209458,0.052242305686384105,-0.4114531064930479,-0.25194037067217256,-0.05855259873897765,-0.05979356969693962,-0.008290538577109444,0.23767798516584576,-0.002469786309603074,-0.24686921209405974,,Test
-0.9357324389506656,-0.13548988776125423,-0.33410888233106084,0.8939154094498484,-0.436803469897576,-1.2984763315738133,0.23235386288951038,0.07622994241825963,-0.4114531064930479,-0.25194037067217256,0.30466433280223865,-0.052763877572105364,-0.031426282487963565,0.23767798516584576,-0.09135246136412273,-0.24686921209405974,,Test
1.2302690476956253,-0.13548988776125423,-0.9121564443970069,0.8939154094498484,2.2893591029267353,0.14341818306261284,-0.4782568562699984,-0.5693506376457914,-0.4114531064930479,-0.25194037067217256,-0.05855259873897765,-0.07239416126103224,0.03317984936807942,0.23767798516584576,0.022006454509058342,-0.24686921209405974,,Test
-1.218254371991486,-0.13548988776125423,0.02541996879726721,-1.1186740819418701,-0.436803469897576,-0.8178448266950046,-0.032166349084214896,-0.5693506376457914,-0.4114531064930479,-0.25194037067217256,0.0005522471603816026,-0.07239416126103224,0.03317984936807942,0.23767798516584576,0.5431765046722252,-0.24686921209405974,,Test
0.31532951096657663,-0.13548988776125423,-0.34762078866821583,0.8939154094498484,-0.436803469897576,-1.1309435428461774,7.561750902936906,-0.2465603476137659,-0.4114531064930479,-0.25194037067217256,0.30466433280223865,-0.07313911282137789,0.09680436317422386,-0.8090603927251423,-0.06659271995692068,-0.24686921209405974,,Test
0.47687722625343715,-0.13548988776125423,-0.4474193419405787,-1.1186740819418701,-0.436803469897576,0.5038918117217194,-0.33069834628059225,-0.2465603476137659,-0.4114531064930479,-0.25194037067217256,-0.05855259873897765,-0.052763877572105364,-0.031426282487963565,1.2297200680315075,0.06595303086221616,-0.24686921209405974,,Test
0.1001813155323431,-0.13548988776125423,0.7415193936723333,0.8939154094498484,-0.436803469897576,1.3449969452596344,-0.9170492675542853,4.272503712834592,-0.4114531064930479,-0.25194037067217256,-0.05855259873897765,0.01881674343539798,-0.031426282487963565,-0.8090603927251423,-0.09135246136412273,-0.24686921209405974,,Test
-0.08816663982820393,-0.13548988776125423,1.7514604467136878,0.8939154094498484,-0.436803469897576,-1.178318455354111,0.1508083705269438,-0.5693506376457914,2.115321752565024,0.18219752994373598,-0.05855259873897765,-0.07239416126103224,-0.031426282487963565,0.23767798516584576,0.08238451708810435,0.8253266036047782,,Test
-0.9357324389506656,-0.13548988776125423,0.1230789840611769,0.8939154094498484,2.2893591029267353,-0.8231087455909143,3.489732463659283,-0.43303207214807493,-0.4114531064930479,-0.25194037067217256,-0.02440850307211413,-0.07471383078795771,-0.031426282487963565,0.23767798516584576,-0.024920292530669935,-0.24686921209405974,,Test
0.1001813155323431,-0.13548988776125423,0.05804383875231401,-1.1186740819418701,-0.436803469897576,0.3837339355020172,-0.7578414015130839,0.7218105224823107,1.7058444038639131,0.6163354305596446,-0.05855259873897765,-0.052763877572105364,-0.031426282487963565,0.23767798516584576,-0.014254270429141907,0.8253266036047782,,Test
0.1943552932126166,-0.13548988776125423,-0.43822313072589314,0.8939154094498484,-0.436803469897576,-0.21705544559649367,7.69959109209025,0.3990202324502852,-0.4114531064930479,-0.25194037067217256,0.0005522471603816026,-0.052763877572105364,-0.031426282487963565,-0.8090603927251423,-0.09135246136412273,-0.24686921209405974,,Test
-0.7473844835901186,-0.13548988776125423,-0.3101330459499165,0.8939154094498484,-0.436803469897576,0.6240496879414215,-0.3850620078556366,-0.5693506376457914,-0.4114531064930479,-0.25194037067217256,-0.05855259873897765,-0.07239416126103224,0.03317984936807942,0.23767798516584576,0.022006454509058342,-0.24686921209405974,,Test
-0.9357324389506656,-0.13548988776125423,-0.41096293319664684,-1.1186740819418701,-0.436803469897576,0.5038918117217194,-0.7306595707255616,-0.2465603476137659,-0.4114531064930479,-0.25194037067217256,-0.05855259873897765,-0.29590342535589204,-0.031426282487963565,0.23767798516584576,-0.030949871989523398,-0.24686921209405974,,Test
-0.5590365282295715,-0.13548988776125423,0.0876030890852317,-1.1186740819418701,-0.436803469897576,1.1046811928202303,1.533198622006644,0.3990202324502852,-0.4114531064930479,-0.25194037067217256,-0.05855259873897765,-0.052763877572105364,0.03317984936807942,0.23767798516584576,-0.04064190994246272,-0.24686921209405974,,Test
-0.7093967490706562,-0.13548988776125423,-0.1238418543717705,0.8939154094498484,-0.436803469897576,-0.33721332181619584,1.2048966718138556,-0.5693506376457914,-0.4114531064930479,-0.25194037067217256,-0.050605395593818,-0.07270606267418375,0.024492946518231876,0.23767798516584576,-0.09135246136412273,-0.24686921209405974,,Test
0.7593991592942577,-0.13548988776125423,0.27087044114932146,-1.1186740819418701,-0.436803469897576,1.1046811928202303,-0.6452309596790633,-0.2465603476137659,-0.4114531064930479,-0.25194037067217256,-0.05855259873897765,-0.07239416126103224,0.03317984936807942,0.23767798516584576,0.022006454509058342,-0.24686921209405974,,Test
-1.029906416630939,-0.13548988776125423,-0.32491267111637534,0.8939154094498484,-0.436803469897576,1.705470573918741,0.36826301682712137,-0.2465603476137659,1.8756276947887638,1.4846112317914615,-0.05855259873897765,-0.010264674846943829,-0.031426282487963565,0.23767798516584576,0.20813297640724818,1.4401274721486865,,Test
-1.0915306059634926,-0.13548988776125423,0.599600676979509,-1.1186740819418701,-0.436803469897576,-0.8964719792944164,-0.45035851430098295,-0.45778313375514523,-0.4114531064930479,-0.25194037067217256,0.0005522471603816026,-0.0317387771705916,-0.009096165722389415,0.23767798516584576,0.27485692684499685,-0.24686921209405974,,Test
0.3827032485731636,-0.13548988776125423,-0.377790885600817,-1.1186740819418701,-0.436803469897576,0.6240496879414215,-0.7500751641452204,-0.2465603476137659,-0.4114531064930479,-0.25194037067217256,-0.05855259873897765,-0.07239416126103224,0.03317984936807942,0.23767798516584576,0.06595303086221616,-0.24686921209405974,,Test
0.9477471146548048,-0.13548988776125423,-0.5640141626981985,0.8939154094498484,2.2893591029267353,0.14341818306261284,-0.5287373991611111,-0.2465603476137659,-0.4114531064930479,-0.25194037067217256,-0.05855259873897765,-0.07471383078795771,-0.031426282487963565,0.23767798516584576,0.022006454509058342,-0.24686921209405974,,Test
-0.27651459518875093,-0.13548988776125423,-0.3416629129716953,0.8939154094498484,-0.436803469897576,1.2248390690399324,-0.7656076388809473,-0.5693506376457914,-0.4114531064930479,-0.25194037067217256,0.0005522471603816026,0.01881674343539798,-0.031426282487963565,-0.8090603927251423,-0.09135246136412273,-0.24686921209405974,,Test
-0.65651833542524,-0.13548988776125423,1.5355101841758685,-1.1186740819418701,-0.436803469897576,1.1652876940893229,0.2803343131492563,-0.5693506376457914,1.0358706033702247,1.2656361628868653,-0.028740671042625156,-0.06266520781141692,0.0011604420407311106,0.23767798516584576,0.05246058070908755,1.6077293029541713,,Test
0.9477471146548048,-0.13548988776125423,-0.3157164599016898,-1.1186740819418701,-0.436803469897576,0.3837339355020172,-0.6918283838862442,1.0446008125143362,-0.4114531064930479,-0.25194037067217256,-0.05855259873897765,-0.07239416126103224,0.03317984936807942,0.23767798516584576,-0.030949871989523398,-0.24686921209405974,,Test
0.4542936116277389,-0.13548988776125423,-0.27926095493136616,0.8939154094498484,-0.436803469897576,-0.1353447833244595,2.275180238571161,-0.5693506376457914,3.149199098708466,0.47742324874601166,-0.05855259873897765,-0.07471383078795771,-0.031426282487963565,0.23767798516584576,-0.09135246136412273,0.8253266036047782,,Test
1.4172873951814018,-0.13548988776125423,-0.158141838310651,-1.1186740819418701,-0.436803469897576,-0.22214484064083806,-0.14874001143060436,-0.5693506376457914,1.388085409460407,0.1883269638448388,-0.05855259873897765,-0.07151697781368899,0.22758792508944908,0.23767798516584576,-0.087124136233886,1.6077293029541713,,Test
1.6069649584167194,-0.13548988776125423,0.9182180234402191,-1.1186740819418701,-0.436803469897576,-0.33721332181619584,0.764341122588159,-0.2465603476137659,-0.4114531064930479,-0.25194037067217256,-0.05855259873897765,0.12091489631251084,0.23129722195681723,0.23767798516584576,-0.030949871989523398,-0.24686921209405974,,Test
-1.029906416630939,-0.13548988776125423,5.147818309965932,0.8939154094498484,-0.436803469897576,-1.4186342077935155,1.3157439757064664,1.3673911025463619,-0.4114531064930479,-0.25194037067217256,0.0005522471603816026,-0.07239416126103224,0.03317984936807942,-0.8090603927251423,-0.014254270429141907,-0.24686921209405974,,Test
-1.029906416630939,-0.13548988776125423,-0.4592430420737458,-1.1186740819418701,-0.436803469897576,0.023260306842910656,1.1759517030849238,2.012971682610413,-0.4114531064930479,-0.25194037067217256,0.0005522471603816026,-0.010264674846943829,-0.031426282487963565,0.23767798516584576,-0.04064190994246272,-0.24686921209405974,,Test
-0.653210505909845,-0.13548988776125423,-0.40209515809677154,0.8939154094498484,-0.436803469897576,0.263576059282315,-0.26080220996982084,0.7218105224823107,-0.4114531064930479,-0.25194037067217256,0.0005522471603816026,-0.07239416126103224,0.03317984936807942,0.23767798516584576,-0.09135246136412273,-0.24686921209405974,,Test
0.47687722625343715,-0.13548988776125423,0.5756591556931839,-1.1186740819418701,-0.436803469897576,0.263576059282315,-0.4821399749539302,-0.2465603476137659,-0.4114531064930479,-0.25194037067217256,-0.05855259873897765,-0.07239416126103224,0.03317984936807942,0.23767798516584576,-0.030949871989523398,-0.24686921209405974,,Test
0.6652251816139841,-0.13548988776125423,0.09023057800371329,0.8939154094498484,-0.436803469897576,-0.5775290742556002,0.18187331999839773,2.3357619726424383,-0.4114531064930479,-0.25194037067217256,-0.05855259873897765,-0.052763877572105364,-0.031426282487963565,-0.8090603927251423,-0.014254270429141907,-0.24686921209405974,,Test
1.2719940428471412,-0.13548988776125423,0.1541435279354124,0.8939154094498484,-0.436803469897576,-1.5722522738967541,0.16963310707847742,-0.5693506376457914,2.04479008081964,0.9295795783291925,0.21997868046223504,-0.05676676761186614,-0.031426282487963565,0.23767798516584576,0.03896861975497776,0.8253266036047782,,Test
-0.8488901267428454,-0.13548988776125423,-0.3986558368737461,-1.1186740819418701,-0.436803469897576,-1.4186342077935155,-0.48786040823242516,0.2501900787544103,-0.4114531064930479,-0.25194037067217256,-0.05855259873897765,0.09892553582832325,-0.031426282487963565,0.23767798516584576,0.03030334497418318,-0.24686921209405974,,Test
-0.1643512825826472,-0.13548988776125423,3.265994797288631,0.8939154094498484,-0.436803469897576,1.4378409788311148,-0.12479293805429915,-0.5693506376457914,-0.4114531064930479,-0.25194037067217256,-0.05855259873897765,0.01167832375598822,-0.031426282487963565,1.2297200680315075,0.063886533760155,-0.24686921209405974,,Test
0.3827032485731636,-0.13548988776125423,0.6994795709766282,0.8939154094498484,2.2893591029267353,0.5038918117217194,-0.8238544191399235,0.3990202324502852,-0.4114531064930479,-0.25194037067217256,-0.05855259873897765,-0.052763877572105364,-0.031426282487963565,-0.8090603927251423,-0.014254270429141907,-0.24686921209405974,,Test
0.3827032485731636,-0.13548988776125423,7.631452210160639,0.8939154094498484,-0.436803469897576,-1.2984763315738133,0.21293826946985167,0.07622994241825963,-0.4114531064930479,-0.25194037067217256,0.30466433280223865,-0.07239416126103224,0.03317984936807942,-0.8090603927251423,-0.09135246136412273,-0.24686921209405974,,Test
1.5435303168932681,-0.13548988776125423,-0.2611426258046646,-1.1186740819418701,-0.436803469897576,-0.297992579101609,0.19412202130993061,-0.029132063922171103,-0.4114531064930479,-0.25194037067217256,-0.018740170674679736,0.05781687019869686,0.03317984936807942,0.23767798516584576,0.1321417059681615,-0.24686921209405974,,Test
1.2302690476956253,-0.13548988776125423,1.7274846103325436,-1.1186740819418701,-0.436803469897576,0.14341818306261284,-0.6801790278344491,-0.5693506376457914,-0.4114531064930479,-0.25194037067217256,0.0005522471603816026,-0.07471383078795771,-0.698325168435782,-0.8090603927251423,-0.014254270429141907,-0.24686921209405974,,Test
0.5710512039337107,-0.13548988776125423,-0.06249221538302817,-1.1186740819418701,2.2893591029267353,0.3837339355020172,-0.6685296717826538,-0.5693506376457914,-0.4114531064930479,-0.25194037067217256,-0.05855259873897765,0.24748125764736317,0.03317984936807942,0.23767798516584576,0.022006454509058342,-0.24686921209405974,,Test
0.006007337852069585,-0.13548988776125423,-0.09361045345662074,-1.1186740819418701,-0.436803469897576,-0.5865235705915611,-0.5710790872350482,0.07622994241825963,-0.4114531064930479,-0.25194037067217256,-0.05855259873897765,-0.052763877572105364,-0.02981423774998546,0.23767798516584576,0.07955661050562005,-0.24686921209405974,,Test
3.0984688248370738,-0.13548988776125423,0.7140852583815183,-1.1186740819418701,-0.436803469897576,1.648640915376794,0.40204966816812815,-0.5693506376457914,1.888866703978721,1.050473331175553,-0.05855259873897765,0.029378930925939212,-0.031426282487963565,1.2297200680315075,-0.04064190994246272,1.1953704130095326,,Test
-1.10620245343503,-0.13548988776125423,-0.32153478915390965,-1.1186740819418701,-0.436803469897576,-0.1197082805708825,0.5400598827023427,-0.2465603476137659,0.2727270703918604,0.9680568090055758,0.0005522471603816026,0.03765184369707028,0.03317984936807942,0.23767798516584576,0.1327367984249713,1.6077293029541713,,Test
4.400664019041099,-0.13548988776125423,-0.33057085689945154,-1.1186740819418701,-0.436803469897576,1.3394631659582732,0.460611546123394,-0.3235414549971858,-0.4114531064930479,-0.25194037067217256,-0.05855259873897765,0.12091489631251084,-0.1226628056691319,0.23767798516584576,0.1875083253020543,-0.24686921209405974,,Test
-1.3124283496717597,-0.13548988776125423,-0.4441349807924767,0.8939154094498484,-0.436803469897576,0.7442075641611237,1.0439256678312445,-0.5693506376457914,-0.4114531064930479,-0.25194037067217256,0.30466433280223865,0.01881674343539798,-0.031426282487963565,0.23767798516584576,-0.04064190994246272,-0.24686921209405974,,Test
-0.7473844835901186,-0.13548988776125423,-0.2786031789281376,0.8939154094498484,-0.436803469897576,0.14341818306261284,-0.12877617471614164,-0.5693506376457914,-0.4114531064930479,-0.25194037067217256,0.0005522471603816026,-0.07471383078795771,-0.698325168435782,0.23767798516584576,0.06595303086221616,-0.24686921209405974,,Test
-1.029906416630939,-0.13548988776125423,0.42819134014340565,-1.1186740819418701,-0.436803469897576,-1.2984763315738133,0.8420034962667939,-0.2465603476137659,0.5273486197973029,1.4846112317914615,-0.05855259873897765,0.19927053978598,0.03317984936807942,0.23767798516584576,-0.030949871989523398,1.6077293029541713,,Test
-1.3124283496717597,-0.13548988776125423,-0.20946933199822199,-1.1186740819418701,-0.436803469897576,-0.8520504474646909,-0.2531871655440516,-0.5693506376457914,-0.4114531064930479,-0.25194037067217256,-0.013540863705933092,-0.057579847362103136,-0.016021430905382418,0.23767798516584576,0.2503531950248702,-0.24686921209405974,,Test
-0.27651459518875093,-0.13548988776125423,3.7979458780960234,0.8939154094498484,-0.436803469897576,-1.178318455354111,0.04984728474471851,-0.2465603476137659,2.6646206349689523,0.18219752994373598,0.0005522471603816026,-0.052763877572105364,-0.031426282487963565,0.23767798516584576,0.06595303086221616,0.8253266036047782,,Test
-1.7880850700111115,-0.13548988776125423,-0.43507846329674865,-1.1186740819418701,-0.436803469897576,-0.45737119803589804,0.4461831261810917,-0.5693506376457914,-0.4114531064930479,-0.25194037067217256,0.0005522471603816026,0.007635267005908386,-0.031426282487963565,0.2881031540188381,0.07662376781668054,-0.24686921209405974,,Test
0.28852927089289016,-0.13548988776125423,1.330733783641826,-1.1186740819418701,-0.436803469897576,1.705470573918741,-0.3578801770681144,0.3990202324502852,-0.4114531064930479,-0.25194037067217256,-0.05855259873897765,-0.07471383078795771,-0.031426282487963565,0.23767798516584576,-0.04064190994246272,-0.24686921209405974,,Test
-0.08816663982820393,-0.13548988776125423,-0.23163681451027945,0.8939154094498484,-0.436803469897576,0.3837339355020172,-0.3112827528609335,-0.5693506376457914,0.7171064155368418,0.6163354305596446,-0.05855259873897765,-0.052763877572105364,-0.031426282487963565,0.23767798516584576,0.022006454509058342,0.8253266036047782,,Test
-0.720098131873794,-0.13548988776125423,0.053118217801881196,0.8939154094498484,-0.436803469897576,-0.6460293143117696,2.0411603088626666,-0.43057835001724665,1.4375885082180995,1.91874913240737,0.14851203810218966,-0.045683782339738695,0.005404724188183281,0.23767798516584576,0.5235375320577876,1.5121819613630363,,Test
-0.9342938661417421,-0.13548988776125423,-0.28882477412229535,-1.1186740819418701,-0.436803469897576,0.7442075641611237,0.9300102447276335,0.2906016615226554,1.1336741920921696,0.9046554047266866,0.0005522471603816026,-0.073934701852237,0.03317984936807942,0.23767798516584576,0.5721130183258387,1.5514353203223448,,Test
-0.7810400509761868,-0.13548988776125423,-0.1467566423193345,-1.1186740819418701,-0.436803469897576,-0.9362693167561973,-0.23268078380596774,-0.5693506376457914,0.5175054425486505,2.6443999108658964,-0.039135197078241285,-0.051983090488056986,0.03317984936807942,0.23767798516584576,-0.03958293033715962,1.495188813030385,,Test
0.44415841286443414,-0.13548988776125423,0.244802849050155,0.8939154094498484,-0.436803469897576,-1.3402227165741238,0.8523745909641991,-0.5693506376457914,-0.4114531064930479,-0.25194037067217256,-0.01998251701759994,-0.032656209730093325,0.010733776428909367,0.23767798516584576,-0.09135246136412273,-0.24686921209405974,,Test
-0.653210505909845,-0.13548988776125423,0.23999744635716297,-1.1186740819418701,-0.436803469897576,-0.9380027029147067,0.4381591531378927,1.0446008125143362,-0.4114531064930479,-0.25194037067217256,0.0005522471603816026,-0.07239416126103224,0.03317984936807942,0.23767798516584576,-0.030949871989523398,-0.24686921209405974,,Test
-1.029906416630939,-0.13548988776125423,-0.38928614961917385,0.8939154094498484,-0.436803469897576,-0.8178448266950046,-0.7617245201970156,-0.2465603476137659,2.9143019451525563,1.050473331175553,-0.05855259873897765,-0.07471383078795771,-0.031426282487963565,0.23767798516584576,0.06595303086221616,0.8253266036047782,,Test
-0.7473844835901186,-0.13548988776125423,-0.297652473587129,-1.1186740819418701,-0.436803469897576,-0.5775290742556002,-0.5403867552129062,-0.5693506376457914,-0.4114531064930479,-0.25194037067217256,-0.05855259873897765,0.24748125764736317,-0.031426282487963565,1.2297200680315075,0.022006454509058342,-0.24686921209405974,,Test
-0.5299644709410803,-0.13548988776125423,-0.329376465972683,-1.1186740819418701,-0.436803469897576,-0.30952517595117923,-0.24140367117580108,-0.5693506376457914,0.5162106791864668,0.18219752994373598,0.0005522471603816026,-0.055025594303669656,-0.023982642258612952,0.23767798516584576,0.014788379807210327,1.6077293029541713,,Test
-0.841558461270392,-0.13548988776125423,7.324364442813105,0.8939154094498484,-0.436803469897576,0.6240496879414215,-0.6025166541558141,-0.2465603476137659,-0.4114531064930479,-0.25194037067217256,0.0005522471603816026,0.2607147893927068,0.03317984936807942,0.23767798516584576,0.022006454509058342,-0.24686921209405974,,Test
1.8894868914575398,-0.13548988776125423,0.4928932547610144,-1.1186740819418701,-0.436803469897576,-0.33721332181619584,0.02266545395719631,-0.5693506376457914,-0.4114531064930479,-0.25194037067217256,-0.05855259873897765,0.12091489631251084,0.23129722195681723,0.23767798516584576,0.022006454509058342,-0.24686921209405974,,Test
